codigo,nombre,precio,cantidad_vendida,cantidad_stock,categoria,fecha_venta
1,Espejo de Pared,54.99,7,14,Decoración,2023-11-26
2,Set de Toallas de Baño,29.99,8,15,Toallas,2024-02-06
3,Juego de Sábanas,29.99,25,50,Ropa de cama,2023-11-04
4,Canasta de Ropa Sucia,34.99,5,12,Almacenamiento,2023-12-29
5,Candelabro de Metal,45.99,6,12,Decoración,2023-12-09
6,Reloj de Pared,29.99,10,20,Decoración,2023-12-21
7,Lámpara de Mesa,39.95,8,18,Iluminación,2024-01-13
8,Juego de Toallas,19.99,20,40,Toallas,2023-11-08
9,Jarrón de Cerámica,39.95,10,20,Decoración,2023-11-18
10,Tetera de Cerámica,24.95,6,12,Utensilios de cocina,2024-02-04
11,Escalera Decorativa,49.99,6,12,Decoración,2024-01-09
12,Escurridor de Cubiertos,12.99,4,10,Utensilios de cocina,2024-01-11
13,Set de Cubiertos,24.95,20,40,Vajilla,2023-12-23
14,Estante Flotante,34.99,8,20,Almacenamiento,2024-01-27
15,Lámpara de Mesa,39.95,8,18,Iluminación,2024-01-13
16,Taburete de Madera,34.99,10,20,Muebles,2023-12-15
17,Escultura de Resina,39.95,4,10,Decoración,2023-12-11
18,Almohada de Plumas,49.95,5,15,Ropa de cama,2023-12-17
19,Espejo de Maquillaje,29.99,5,12,Decoración,2024-01-17
20,Reloj Despertador,19.95,10,18,Decoración,2024-01-31
21,Organizador de Escritorio,24.99,15,28,Organización,2023-11-20
22,Cojines Decorativos,14.99,18,35,Decoración,2023-11-15
23,Set de Cucharas de Madera,9.99,30,60,Utensilios de cocina,2023-11-24
24,Dispensador de Jabón,14.99,15,28,Accesorios de baño,2023-12-27
25,Alfombra de Área,49.95,12,30,Alfombras,2023-11-06
26,Almohada de Plumas,49.95,5,15,Ropa de cama,2023-12-17
27,Set de Vasos de Vidrio,19.99,12,25,Vajilla,2024-01-03
28,Caja de Almacenamiento,29.99,7,15,Almacenamiento,2024-01-23
29,Estante Flotante,34.99,8,20,Almacenamiento,2024-01-27
30,Cojines Decorativos,14.99,18,35,Decoración,2023-11-15
31,Set de Vasos de Vidrio,19.99,12,25,Vajilla,2024-01-03
32,Escalera Decorativa,49.99,6,12,Decoración,2024-01-09
33,Juego de Toallas,19.99,20,40,Toallas,2023-11-08
34,Escultura de Resina,39.95,4,10,Decoración,2023-12-11
35,Cortina de Ducha,24.99,8,15,Cortinas,2024-01-05
36,Set de Vasos de Vidrio,19.99,12,25,Vajilla,2024-01-03
37,Candelabro de Metal,45.99,6,12,Decoración,2023-12-09
38,Dispensador de Jabón,14.99,15,28,Accesorios de baño,2023-12-27
39,Reloj Despertador,19.95,10,18,Decoración,2024-01-31
40,Set de Cubiertos,24.95,20,40,Vajilla,2023-12-23
41,Espejo de Pared,54.99,7,14,Decoración,2023-11-26
42,Juego de Sábanas,29.99,25,50,Ropa de cama,2023-11-04
43,Dispensador de Jabón,14.99,15,28,Accesorios de baño,2023-12-27
44,Planta Artificial,24.99,10,18,Decoración,2023-12-07
45,Lámpara de Pie,79.99,5,10,Iluminación,2023-11-22
46,Estante Flotante,34.99,8,20,Almacenamiento,2024-01-27
47,Set de Cubiertos,24.95,20,40,Vajilla,2023-12-23
48,Juego de Toallas,19.99,20,40,Toallas,2023-11-08
49,Estuche de Almohadas,39.95,3,8,Ropa de cama,2024-01-19
50,Set de Cubiertos,24.95,20,40,Vajilla,2023-12-23
51,Reloj de Pared,29.99,10,20,Decoración,2023-12-21
52,Escurridor de Platos,19.99,8,15,Utensilios de cocina,2023-12-25
53,Espejo de Maquillaje,29.99,5,12,Decoración,2024-01-17
54,Lámpara de Mesa,39.95,8,18,Iluminación,2024-01-13
55,Escultura de Resina,39.95,4,10,Decoración,2023-12-11
56,Caja de Almacenamiento,29.99,7,15,Almacenamiento,2024-01-23
57,Espejo de Pared,54.99,7,14,Decoración,2023-11-26
58,Juego de Sábanas,29.99,25,50,Ropa de cama,2023-11-04
59,Lámpara de Pie,79.99,5,10,Iluminación,2023-11-22
60,Funda de Almohada,9.99,20,40,Ropa de cama,2024-01-29
61,Funda de Almohada,9.99,20,40,Ropa de cama,2024-01-29
62,Alfombra de Área,49.95,12,30,Alfombras,2023-11-06
63,Manta de Lana,59.99,8,20,Ropa de cama,2023-12-03
64,Candelabro de Metal,45.99,6,12,Decoración,2023-12-09
65,Cuchillo de Cocina,14.99,15,28,Utensilios de cocina,2024-02-02
66,Almohada de Plumas,49.95,5,15,Ropa de cama,2023-12-17
67,Escurridor de Platos,19.99,8,15,Utensilios de cocina,2023-12-25
68,Set de Cubiertos,24.95,20,40,Vajilla,2023-12-23
69,Candelabro de Cristal,59.95,4,10,Decoración,2024-01-25
70,Estante Flotante,34.99,8,20,Almacenamiento,2024-01-27
71,Set de Cucharas de Madera,9.99,30,60,Utensilios de cocina,2023-11-24
72,Vajilla de Porcelana,69.99,6,12,Vajilla,2023-11-12
73,Organizador de Escritorio,24.99,15,28,Organización,2023-11-20
74,Taza de Café de Cerámica,6.99,25,45,Vajilla,2023-12-01
75,Cortina de Ducha,24.99,8,15,Cortinas,2024-01-05
76,Escultura de Resina,39.95,4,10,Decoración,2023-12-11
77,Escultura de Resina,39.95,4,10,Decoración,2023-12-11
78,Perchero de Pared,19.95,10,20,Almacenamiento,2024-01-01
79,Cesta de Mimbre,19.95,20,40,Almacenamiento,2023-11-28
80,Planta Artificial,24.99,10,18,Decoración,2023-12-07
81,Mantel de Mesa,19.99,15,30,Textiles para el hogar,2023-12-13
82,Escurridor de Platos,19.99,8,15,Utensilios de cocina,2023-12-25
83,Cuadro Decorativo,29.95,12,25,Decoración,2023-12-05
84,Estante Flotante,34.99,8,20,Almacenamiento,2024-01-27
85,Cortina de Ducha,24.99,8,15,Cortinas,2024-01-05
86,Set de Toallas de Baño,29.99,8,15,Toallas,2024-02-06
87,Toallero de Pared,19.99,12,25,Accesorios de baño,2024-01-21
88,Organizador de Escritorio,24.99,15,28,Organización,2023-11-20
89,Reloj Despertador,19.95,10,18,Decoración,2024-01-31
90,Escritorio Plegable,89.99,3,8,Muebles,2023-12-19
91,Espejo de Maquillaje,29.99,5,12,Decoración,2024-01-17
92,Juego de Toallas,19.99,20,40,Toallas,2023-11-08
93,Vajilla de Porcelana,69.99,6,12,Vajilla,2023-11-12
94,Manta de Lana,59.99,8,20,Ropa de cama,2023-12-03
95,Espejo de Maquillaje,29.99,5,12,Decoración,2024-01-17
96,Vajilla de Porcelana,69.99,6,12,Vajilla,2023-11-12
97,Candelabro de Cristal,59.95,4,10,Decoración,2024-01-25
98,Cesta de Mimbre,19.95,20,40,Almacenamiento,2023-11-28
99,Alfombra de Área,49.95,12,30,Alfombras,2023-11-06
100,Espejo de Pared,54.99,7,14,Decoración,2023-11-26
101,Set de Toallas de Baño,29.99,8,15,Toallas,2024-02-06
102,Canasta de Ropa Sucia,34.99,5,12,Almacenamiento,2023-12-29
103,Set de Cubiertos,24.95,20,40,Vajilla,2023-12-23
104,Perchero de Pared,19.95,10,20,Almacenamiento,2024-01-01
105,Planta Artificial,24.99,10,18,Decoración,2023-12-07
106,Cojines Decorativos,14.99,18,35,Decoración,2023-11-15
107,Toallero de Pared,19.99,12,25,Accesorios de baño,2024-01-21
108,Dispensador de Jabón,14.99,15,28,Accesorios de baño,2023-12-27
109,Candelabro de Cristal,59.95,4,10,Decoración,2024-01-25
110,Organizador de Cajones,24.99,10,20,Organización,2024-01-15
111,Cuchillo de Cocina,14.99,15,28,Utensilios de cocina,2024-02-02
112,Toallero de Pared,19.99,12,25,Accesorios de baño,2024-01-21
113,Lámpara de Mesa,39.95,8,18,Iluminación,2024-01-13
114,Estuche de Almohadas,39.95,3,8,Ropa de cama,2024-01-19
115,Cuchillo de Cocina,14.99,15,28,Utensilios de cocina,2024-02-02
116,Set de Vasos de Vidrio,19.99,12,25,Vajilla,2024-01-03
117,Dispensador de Jabón,14.99,15,28,Accesorios de baño,2023-12-27
118,Organizador de Cajones,24.99,10,20,Organización,2024-01-15
119,Escurridor de Platos,19.99,8,15,Utensilios de cocina,2023-12-25
120,Juego de Sábanas,29.99,25,50,Ropa de cama,2023-11-04
121,Vajilla de Porcelana,69.99,6,12,Vajilla,2023-11-12
122,Escultura de Resina,39.95,4,10,Decoración,2023-12-11
123,Set de Vasos de Vidrio,19.99,12,25,Vajilla,2024-01-03
124,Jarrón de Cerámica,39.95,10,20,Decoración,2023-11-18
125,Cojín para Silla,14.95,15,30,Decoración,2024-01-07
126,Toallero de Pared,19.99,12,25,Accesorios de baño,2024-01-21
127,Candelabro de Metal,45.99,6,12,Decoración,2023-12-09
128,Planta Artificial,24.99,10,18,Decoración,2023-12-07
129,Estante Flotante,34.99,8,20,Almacenamiento,2024-01-27
130,Reloj de Pared,29.99,10,20,Decoración,2023-12-21
131,Cortina de Ducha,24.99,8,15,Cortinas,2024-01-05
132,Lámpara de Pie,79.99,5,10,Iluminación,2023-11-22
133,Organizador de Cajones,24.99,10,20,Organización,2024-01-15
134,Organizador de Escritorio,24.99,15,28,Organización,2023-11-20
135,Planta Artificial,24.99,10,18,Decoración,2023-12-07
136,Espejo de Pared,54.99,7,14,Decoración,2023-11-26
137,Funda de Almohada,9.99,20,40,Ropa de cama,2024-01-29
138,Escurridor de Cubiertos,12.99,4,10,Utensilios de cocina,2024-01-11
139,Reloj de Pared,29.99,10,20,Decoración,2023-12-21
140,Funda de Almohada,9.99,20,40,Ropa de cama,2024-01-29
141,Cuchillo de Cocina,14.99,15,28,Utensilios de cocina,2024-02-02
142,Cojín para Silla,14.95,15,30,Decoración,2024-01-07
143,Tetera de Cerámica,24.95,6,12,Utensilios de cocina,2024-02-04
144,Cesta de Mimbre,19.95,20,40,Almacenamiento,2023-11-28
145,Alfombra de Área,49.95,12,30,Alfombras,2023-11-06
146,Canasta de Ropa Sucia,34.99,5,12,Almacenamiento,2023-12-29
147,Mantel de Mesa,19.99,15,30,Textiles para el hogar,2023-12-13
148,Juego de Toallas,19.99,20,40,Toallas,2023-11-08
149,Espejo de Maquillaje,29.99,5,12,Decoración,2024-01-17
150,Manta de Lana,59.99,8,20,Ropa de cama,2023-12-03
151,Organizador de Escritorio,24.99,15,28,Organización,2023-11-20
152,Planta Artificial,24.99,10,18,Decoración,2023-12-07
153,Cuchillo de Cocina,14.99,15,28,Utensilios de cocina,2024-02-02
154,Escalera Decorativa,49.99,6,12,Decoración,2024-01-09
155,Cojines Decorativos,14.99,18,35,Decoración,2023-11-15
156,Reloj Despertador,19.95,10,18,Decoración,2024-01-31
157,Set de Cucharas de Madera,9.99,30,60,Utensilios de cocina,2023-11-24
158,Caja de Almacenamiento,29.99,7,15,Almacenamiento,2024-01-23
159,Cortina de Ducha,24.99,8,15,Cortinas,2024-01-05
160,Juego de Sábanas,29.99,25,50,Ropa de cama,2023-11-04
161,Set de Vasos de Vidrio,19.99,12,25,Vajilla,2024-01-03
162,Toallero de Pared,19.99,12,25,Accesorios de baño,2024-01-21
163,Escritorio Plegable,89.99,3,8,Muebles,2023-12-19
164,Escritorio Plegable,89.99,3,8,Muebles,2023-12-19
165,Espejo de Pared,54.99,7,14,Decoración,2023-11-26
166,Jarrón de Cerámica,39.95,10,20,Decoración,2023-11-18
167,Almohada de Plumas,49.95,5,15,Ropa de cama,2023-12-17
168,Juego de Toallas,19.99,20,40,Toallas,2023-11-08
169,Mantel de Mesa,19.99,15,30,Textiles para el hogar,2023-12-13
170,Perchero de Pared,19.95,10,20,Almacenamiento,2024-01-01
171,Organizador de Cajones,24.99,10,20,Organización,2024-01-15
172,Mantel de Mesa,19.99,15,30,Textiles para el hogar,2023-12-13
173,Toallero de Pared,19.99,12,25,Accesorios de baño,2024-01-21
174,Estuche de Almohadas,39.95,3,8,Ropa de cama,2024-01-19
175,Escritorio Plegable,89.99,3,8,Muebles,2023-12-19
176,Espejo de Maquillaje,29.99,5,12,Decoración,2024-01-17
177,Cortina de Ducha,24.99,8,15,Cortinas,2024-01-05
178,Cuchillo de Cocina,14.99,15,28,Utensilios de cocina,2024-02-02
179,Escultura de Resina,39.95,4,10,Decoración,2023-12-11
180,Escurridor de Cubiertos,12.99,4,10,Utensilios de cocina,2024-01-11
181,Reloj de Pared,29.99,10,20,Decoración,2023-12-21
182,Canasta de Ropa Sucia,34.99,5,12,Almacenamiento,2023-12-29
183,Escurridor de Platos,19.99,8,15,Utensilios de cocina,2023-12-25
184,Toallero de Pared,19.99,12,25,Accesorios de baño,2024-01-21
185,Set de Toallas de Baño,29.99,8,15,Toallas,2024-02-06
186,Almohada de Plumas,49.95,5,15,Ropa de cama,2023-12-17
187,Reloj de Pared,29.99,10,20,Decoración,2023-12-21
188,Escalera Decorativa,49.99,6,12,Decoración,2024-01-09
189,Cortinas Opacas,34.99,8,15,Cortinas,2023-11-10
190,Canasta de Ropa Sucia,34.99,5,12,Almacenamiento,2023-12-29
191,Juego de Sábanas,29.99,25,50,Ropa de cama,2023-11-04
192,Dispensador de Jabón,14.99,15,28,Accesorios de baño,2023-12-27
193,Set de Toallas de Baño,29.99,8,15,Toallas,2024-02-06
194,Almohada de Plumas,49.95,5,15,Ropa de cama,2023-12-17
195,Cuchillo de Cocina,14.99,15,28,Utensilios de cocina,2024-02-02
196,Tetera de Cerámica,24.95,6,12,Utensilios de cocina,2024-02-04
197,Manta de Lana,59.99,8,20,Ropa de cama,2023-12-03
198,Almohada de Plumas,49.95,5,15,Ropa de cama,2023-12-17
199,Jarrón de Cerámica,39.95,10,20,Decoración,2023-11-18
200,Espejo de Pared,54.99,7,14,Decoración,2023-11-26
201,Cojines Decorativos,14.99,18,35,Decoración,2023-11-15
202,Cortina de Ducha,24.99,8,15,Cortinas,2024-01-05
203,Escritorio Plegable,89.99,3,8,Muebles,2023-12-19
204,Cesta de Mimbre,19.95,20,40,Almacenamiento,2023-11-28
205,Dispensador de Jabón,14.99,15,28,Accesorios de baño,2023-12-27
206,Manta de Lana,59.99,8,20,Ropa de cama,2023-12-03
207,Juego de Toallas,19.99,20,40,Toallas,2023-11-08
208,Lámpara de Pie,79.99,5,10,Iluminación,2023-11-22
209,Vajilla de Porcelana,69.99,6,12,Vajilla,2023-11-12
210,Jarrón de Cerámica,39.95,10,20,Decoración,2023-11-18
211,Reloj Despertador,19.95,10,18,Decoración,2024-01-31
212,Juego de Toallas,19.99,20,40,Toallas,2023-11-08
213,Lámpara de Pie,79.99,5,10,Iluminación,2023-11-22
214,Toallero de Pared,19.99,12,25,Accesorios de baño,2024-01-21
215,Espejo de Pared,54.99,7,14,Decoración,2023-11-26
216,Taburete de Madera,34.99,10,20,Muebles,2023-12-15
217,Cortinas Opacas,34.99,8,15,Cortinas,2023-11-10
218,Escurridor de Platos,19.99,8,15,Utensilios de cocina,2023-12-25
219,Escritorio Plegable,89.99,3,8,Muebles,2023-12-19
220,Manta de Lana,59.99,8,20,Ropa de cama,2023-12-03
221,Cuchillo de Cocina,14.99,15,28,Utensilios de cocina,2024-02-02
222,Organizador de Cajones,24.99,10,20,Organización,2024-01-15
223,Lámpara de Pie,79.99,5,10,Iluminación,2023-11-22
224,Candelabro de Metal,45.99,6,12,Decoración,2023-12-09
225,Estuche de Almohadas,39.95,3,8,Ropa de cama,2024-01-19
226,Toallero de Pared,19.99,12,25,Accesorios de baño,2024-01-21
227,Taza de Café de Cerámica,6.99,25,45,Vajilla,2023-12-01
228,Tetera de Cerámica,24.95,6,12,Utensilios de cocina,2024-02-04
229,Cojín para Silla,14.95,15,30,Decoración,2024-01-07
230,Set de Cucharas de Madera,9.99,30,60,Utensilios de cocina,2023-11-24
231,Juego de Toallas,19.99,20,40,Toallas,2023-11-08
232,Tetera de Cerámica,24.95,6,12,Utensilios de cocina,2024-02-04
233,Cortina de Ducha,24.99,8,15,Cortinas,2024-01-05
234,Toallero de Pared,19.99,12,25,Accesorios de baño,2024-01-21
235,Dispensador de Jabón,14.99,15,28,Accesorios de baño,2023-12-27
236,Taza de Café de Cerámica,6.99,25,45,Vajilla,2023-12-01
237,Escultura de Resina,39.95,4,10,Decoración,2023-12-11
238,Candelabro de Metal,45.99,6,12,Decoración,2023-12-09
239,Tetera de Cerámica,24.95,6,12,Utensilios de cocina,2024-02-04
240,Set de Cubiertos,24.95,20,40,Vajilla,2023-12-23
241,Mantel de Mesa,19.99,15,30,Textiles para el hogar,2023-12-13
242,Toallero de Pared,19.99,12,25,Accesorios de baño,2024-01-21
243,Cortina de Ducha,24.99,8,15,Cortinas,2024-01-05
244,Funda de Almohada,9.99,20,40,Ropa de cama,2024-01-29
245,Cojín para Silla,14.95,15,30,Decoración,2024-01-07
246,Caja de Almacenamiento,29.99,7,15,Almacenamiento,2024-01-23
247,Escurridor de Cubiertos,12.99,4,10,Utensilios de cocina,2024-01-11
248,Escalera Decorativa,49.99,6,12,Decoración,2024-01-09
249,Cesta de Mimbre,19.95,20,40,Almacenamiento,2023-11-28
250,Planta Artificial,24.99,10,18,Decoración,2023-12-07
251,Estante Flotante,34.99,8,20,Almacenamiento,2024-01-27
252,Funda de Almohada,9.99,20,40,Ropa de cama,2024-01-29
253,Mantel de Mesa,19.99,15,30,Textiles para el hogar,2023-12-13
254,Manta de Lana,59.99,8,20,Ropa de cama,2023-12-03
255,Almohada de Plumas,49.95,5,15,Ropa de cama,2023-12-17
256,Juego de Sábanas,29.99,25,50,Ropa de cama,2023-11-04
257,Alfombra de Área,49.95,12,30,Alfombras,2023-11-06
258,Organizador de Escritorio,24.99,15,28,Organización,2023-11-20
259,Espejo de Maquillaje,29.99,5,12,Decoración,2024-01-17
260,Escurridor de Cubiertos,12.99,4,10,Utensilios de cocina,2024-01-11
261,Estuche de Almohadas,39.95,3,8,Ropa de cama,2024-01-19
262,Caja de Almacenamiento,29.99,7,15,Almacenamiento,2024-01-23
263,Cojín para Silla,14.95,15,30,Decoración,2024-01-07
264,Estante Flotante,34.99,8,20,Almacenamiento,2024-01-27
265,Escurridor de Platos,19.99,8,15,Utensilios de cocina,2023-12-25
266,Jarrón de Cerámica,39.95,10,20,Decoración,2023-11-18
267,Canasta de Ropa Sucia,34.99,5,12,Almacenamiento,2023-12-29
268,Cesta de Mimbre,19.95,20,40,Almacenamiento,2023-11-28
269,Escurridor de Platos,19.99,8,15,Utensilios de cocina,2023-12-25
270,Cesta de Mimbre,19.95,20,40,Almacenamiento,2023-11-28
271,Cortina de Ducha,24.99,8,15,Cortinas,2024-01-05
272,Candelabro de Cristal,59.95,4,10,Decoración,2024-01-25
273,Taza de Café de Cerámica,6.99,25,45,Vajilla,2023-12-01
274,Escurridor de Platos,19.99,8,15,Utensilios de cocina,2023-12-25
275,Vajilla de Porcelana,69.99,6,12,Vajilla,2023-11-12
276,Tetera de Cerámica,24.95,6,12,Utensilios de cocina,2024-02-04
277,Reloj de Pared,29.99,10,20,Decoración,2023-12-21
278,Perchero de Pared,19.95,10,20,Almacenamiento,2024-01-01
279,Cojines Decorativos,14.99,18,35,Decoración,2023-11-15
280,Set de Cucharas de Madera,9.99,30,60,Utensilios de cocina,2023-11-24
281,Canasta de Ropa Sucia,34.99,5,12,Almacenamiento,2023-12-29
282,Juego de Toallas,19.99,20,40,Toallas,2023-11-08
283,Set de Cucharas de Madera,9.99,30,60,Utensilios de cocina,2023-11-24
284,Taza de Café de Cerámica,6.99,25,45,Vajilla,2023-12-01
285,Caja de Almacenamiento,29.99,7,15,Almacenamiento,2024-01-23
286,Espejo de Pared,54.99,7,14,Decoración,2023-11-26
287,Jarrón de Cerámica,39.95,10,20,Decoración,2023-11-18
288,Cojín para Silla,14.95,15,30,Decoración,2024-01-07
289,Espejo de Pared,54.99,7,14,Decoración,2023-11-26
290,Escalera Decorativa,49.99,6,12,Decoración,2024-01-09
291,Escurridor de Platos,19.99,8,15,Utensilios de cocina,2023-12-25
292,Escalera Decorativa,49.99,6,12,Decoración,2024-01-09
293,Vajilla de Porcelana,69.99,6,12,Vajilla,2023-11-12
294,Cortina de Ducha,24.99,8,15,Cortinas,2024-01-05
295,Taza de Café de Cerámica,6.99,25,45,Vajilla,2023-12-01
296,Planta Artificial,24.99,10,18,Decoración,2023-12-07
297,Perchero de Pared,19.95,10,20,Almacenamiento,2024-01-01
298,Espejo de Maquillaje,29.99,5,12,Decoración,2024-01-17
299,Escultura de Resina,39.95,4,10,Decoración,2023-12-11
300,Almohada de Plumas,49.95,5,15,Ropa de cama,2023-12-17
301,Escultura de Resina,39.95,4,10,Decoración,2023-12-11
302,Estuche de Almohadas,39.95,3,8,Ropa de cama,2024-01-19
303,Canasta de Ropa Sucia,34.99,5,12,Almacenamiento,2023-12-29
304,Cortina de Ducha,24.99,8,15,Cortinas,2024-01-05
305,Dispensador de Jabón,14.99,15,28,Accesorios de baño,2023-12-27
306,Jarrón de Cerámica,39.95,10,20,Decoración,2023-11-18
307,Escurridor de Cubiertos,12.99,4,10,Utensilios de cocina,2024-01-11
308,Set de Toallas de Baño,29.99,8,15,Toallas,2024-02-06
309,Reloj de Pared,29.99,10,20,Decoración,2023-12-21
310,Manta de Lana,59.99,8,20,Ropa de cama,2023-12-03
311,Vajilla de Porcelana,69.99,6,12,Vajilla,2023-11-12
312,Lámpara de Pie,79.99,5,10,Iluminación,2023-11-22
313,Alfombra de Área,49.95,12,30,Alfombras,2023-11-06
314,Set de Vasos de Vidrio,19.99,12,25,Vajilla,2024-01-03
315,Escurridor de Cubiertos,12.99,4,10,Utensilios de cocina,2024-01-11
316,Organizador de Escritorio,24.99,15,28,Organización,2023-11-20
317,Espejo de Maquillaje,29.99,5,12,Decoración,2024-01-17
318,Taburete de Madera,34.99,10,20,Muebles,2023-12-15
319,Juego de Toallas,19.99,20,40,Toallas,2023-11-08
320,Juego de Toallas,19.99,20,40,Toallas,2023-11-08
321,Escultura de Resina,39.95,4,10,Decoración,2023-12-11
322,Dispensador de Jabón,14.99,15,28,Accesorios de baño,2023-12-27
323,Espejo de Maquillaje,29.99,5,12,Decoración,2024-01-17
324,Toallero de Pared,19.99,12,25,Accesorios de baño,2024-01-21
325,Canasta de Ropa Sucia,34.99,5,12,Almacenamiento,2023-12-29
326,Mantel de Mesa,19.99,15,30,Textiles para el hogar,2023-12-13
327,Funda de Almohada,9.99,20,40,Ropa de cama,2024-01-29
328,Alfombra de Área,49.95,12,30,Alfombras,2023-11-06
329,Juego de Toallas,19.99,20,40,Toallas,2023-11-08
330,Lámpara de Mesa,39.95,8,18,Iluminación,2024-01-13
331,Almohada de Plumas,49.95,5,15,Ropa de cama,2023-12-17
332,Jarrón de Cerámica,39.95,10,20,Decoración,2023-11-18
333,Lámpara de Mesa,39.95,8,18,Iluminación,2024-01-13
334,Set de Cucharas de Madera,9.99,30,60,Utensilios de cocina,2023-11-24
335,Manta de Lana,59.99,8,20,Ropa de cama,2023-12-03
336,Cuchillo de Cocina,14.99,15,28,Utensilios de cocina,2024-02-02
337,Estante Flotante,34.99,8,20,Almacenamiento,2024-01-27
338,Caja de Almacenamiento,29.99,7,15,Almacenamiento,2024-01-23
339,Taza de Café de Cerámica,6.99,25,45,Vajilla,2023-12-01
340,Toallero de Pared,19.99,12,25,Accesorios de baño,2024-01-21
341,Cuchillo de Cocina,14.99,15,28,Utensilios de cocina,2024-02-02
342,Escritorio Plegable,89.99,3,8,Muebles,2023-12-19
343,Juego de Toallas,19.99,20,40,Toallas,2023-11-08
344,Estuche de Almohadas,39.95,3,8,Ropa de cama,2024-01-19
345,Estante Flotante,34.99,8,20,Almacenamiento,2024-01-27
346,Estante Flotante,34.99,8,20,Almacenamiento,2024-01-27
347,Funda de Almohada,9.99,20,40,Ropa de cama,2024-01-29
348,Organizador de Cajones,24.99,10,20,Organización,2024-01-15
349,Escurridor de Cubiertos,12.99,4,10,Utensilios de cocina,2024-01-11
350,Juego de Sábanas,29.99,25,50,Ropa de cama,2023-11-04
351,Manta de Lana,59.99,8,20,Ropa de cama,2023-12-03
352,Alfombra de Área,49.95,12,30,Alfombras,2023-11-06
353,Mantel de Mesa,19.99,15,30,Textiles para el hogar,2023-12-13
354,Caja de Almacenamiento,29.99,7,15,Almacenamiento,2024-01-23
355,Mantel de Mesa,19.99,15,30,Textiles para el hogar,2023-12-13
356,Candelabro de Metal,45.99,6,12,Decoración,2023-12-09
357,Cortinas Opacas,34.99,8,15,Cortinas,2023-11-10
358,Planta Artificial,24.99,10,18,Decoración,2023-12-07
359,Planta Artificial,24.99,10,18,Decoración,2023-12-07
360,Escritorio Plegable,89.99,3,8,Muebles,2023-12-19
361,Cesta de Mimbre,19.95,20,40,Almacenamiento,2023-11-28
362,Almohada de Plumas,49.95,5,15,Ropa de cama,2023-12-17
363,Canasta de Ropa Sucia,34.99,5,12,Almacenamiento,2023-12-29
364,Almohada de Plumas,49.95,5,15,Ropa de cama,2023-12-17
365,Taburete de Madera,34.99,10,20,Muebles,2023-12-15
366,Set de Cubiertos,24.95,20,40,Vajilla,2023-12-23
367,Cortinas Opacas,34.99,8,15,Cortinas,2023-11-10
368,Cortinas Opacas,34.99,8,15,Cortinas,2023-11-10
369,Almohada de Plumas,49.95,5,15,Ropa de cama,2023-12-17
370,Set de Vasos de Vidrio,19.99,12,25,Vajilla,2024-01-03
371,Reloj Despertador,19.95,10,18,Decoración,2024-01-31
372,Set de Cubiertos,24.95,20,40,Vajilla,2023-12-23
373,Alfombra de Área,49.95,12,30,Alfombras,2023-11-06
374,Estante Flotante,34.99,8,20,Almacenamiento,2024-01-27
375,Estante Flotante,34.99,8,20,Almacenamiento,2024-01-27
376,Cojines Decorativos,14.99,18,35,Decoración,2023-11-15
377,Estante Flotante,34.99,8,20,Almacenamiento,2024-01-27
378,Set de Toallas de Baño,29.99,8,15,Toallas,2024-02-06
379,Reloj Despertador,19.95,10,18,Decoración,2024-01-31
380,Organizador de Escritorio,24.99,15,28,Organización,2023-11-20
381,Mantel de Mesa,19.99,15,30,Textiles para el hogar,2023-12-13
382,Lámpara de Mesa,39.95,8,18,Iluminación,2024-01-13
383,Estuche de Almohadas,39.95,3,8,Ropa de cama,2024-01-19
384,Set de Cubiertos,24.95,20,40,Vajilla,2023-12-23
385,Escurridor de Platos,19.99,8,15,Utensilios de cocina,2023-12-25
386,Manta de Lana,59.99,8,20,Ropa de cama,2023-12-03
387,Taza de Café de Cerámica,6.99,25,45,Vajilla,2023-12-01
388,Escurridor de Platos,19.99,8,15,Utensilios de cocina,2023-12-25
389,Vajilla de Porcelana,69.99,6,12,Vajilla,2023-11-12
390,Toallero de Pared,19.99,12,25,Accesorios de baño,2024-01-21
391,Perchero de Pared,19.95,10,20,Almacenamiento,2024-01-01
392,Candelabro de Metal,45.99,6,12,Decoración,2023-12-09
393,Taburete de Madera,34.99,10,20,Muebles,2023-12-15
394,Reloj Despertador,19.95,10,18,Decoración,2024-01-31
395,Alfombra de Área,49.95,12,30,Alfombras,2023-11-06
396,Cortina de Ducha,24.99,8,15,Cortinas,2024-01-05
397,Almohada de Plumas,49.95,5,15,Ropa de cama,2023-12-17
398,Escritorio Plegable,89.99,3,8,Muebles,2023-12-19
399,Cortina de Ducha,24.99,8,15,Cortinas,2024-01-05
400,Cojines Decorativos,14.99,18,35,Decoración,2023-11-15
401,Taburete de Madera,34.99,10,20,Muebles,2023-12-15
402,Estuche de Almohadas,39.95,3,8,Ropa de cama,2024-01-19
403,Canasta de Ropa Sucia,34.99,5,12,Almacenamiento,2023-12-29
404,Estante Flotante,34.99,8,20,Almacenamiento,2024-01-27
405,Manta de Lana,59.99,8,20,Ropa de cama,2023-12-03
406,Candelabro de Metal,45.99,6,12,Decoración,2023-12-09
407,Taza de Café de Cerámica,6.99,25,45,Vajilla,2023-12-01
408,Reloj de Pared,29.99,10,20,Decoración,2023-12-21
409,Reloj de Pared,29.99,10,20,Decoración,2023-12-21
410,Candelabro de Metal,45.99,6,12,Decoración,2023-12-09
411,Espejo de Pared,54.99,7,14,Decoración,2023-11-26
412,Cortinas Opacas,34.99,8,15,Cortinas,2023-11-10
413,Candelabro de Metal,45.99,6,12,Decoración,2023-12-09
414,Set de Toallas de Baño,29.99,8,15,Toallas,2024-02-06
415,Cesta de Mimbre,19.95,20,40,Almacenamiento,2023-11-28
416,Candelabro de Metal,45.99,6,12,Decoración,2023-12-09
417,Reloj de Pared,29.99,10,20,Decoración,2023-12-21
418,Escritorio Plegable,89.99,3,8,Muebles,2023-12-19
419,Reloj de Pared,29.99,10,20,Decoración,2023-12-21
420,Cojines Decorativos,14.99,18,35,Decoración,2023-11-15
421,Reloj de Pared,29.99,10,20,Decoración,2023-12-21
422,Dispensador de Jabón,14.99,15,28,Accesorios de baño,2023-12-27
423,Tetera de Cerámica,24.95,6,12,Utensilios de cocina,2024-02-04
424,Lámpara de Mesa,39.95,8,18,Iluminación,2024-01-13
425,Taburete de Madera,34.99,10,20,Muebles,2023-12-15
426,Mantel de Mesa,19.99,15,30,Textiles para el hogar,2023-12-13
427,Estuche de Almohadas,39.95,3,8,Ropa de cama,2024-01-19
428,Set de Vasos de Vidrio,19.99,12,25,Vajilla,2024-01-03
429,Estuche de Almohadas,39.95,3,8,Ropa de cama,2024-01-19
430,Escurridor de Platos,19.99,8,15,Utensilios de cocina,2023-12-25
431,Perchero de Pared,19.95,10,20,Almacenamiento,2024-01-01
432,Mantel de Mesa,19.99,15,30,Textiles para el hogar,2023-12-13
433,Set de Cubiertos,24.95,20,40,Vajilla,2023-12-23
434,Escultura de Resina,39.95,4,10,Decoración,2023-12-11
435,Tetera de Cerámica,24.95,6,12,Utensilios de cocina,2024-02-04
436,Set de Toallas de Baño,29.99,8,15,Toallas,2024-02-06
437,Caja de Almacenamiento,29.99,7,15,Almacenamiento,2024-01-23
438,Cuadro Decorativo,29.95,12,25,Decoración,2023-12-05
439,Perchero de Pared,19.95,10,20,Almacenamiento,2024-01-01
440,Vajilla de Porcelana,69.99,6,12,Vajilla,2023-11-12
441,Cojines Decorativos,14.99,18,35,Decoración,2023-11-15
442,Vajilla de Porcelana,69.99,6,12,Vajilla,2023-11-12
443,Mantel de Mesa,19.99,15,30,Textiles para el hogar,2023-12-13
444,Mantel de Mesa,19.99,15,30,Textiles para el hogar,2023-12-13
445,Organizador de Cajones,24.99,10,20,Organización,2024-01-15
446,Escurridor de Platos,19.99,8,15,Utensilios de cocina,2023-12-25
447,Cuchillo de Cocina,14.99,15,28,Utensilios de cocina,2024-02-02
448,Cojines Decorativos,14.99,18,35,Decoración,2023-11-15
449,Mantel de Mesa,19.99,15,30,Textiles para el hogar,2023-12-13
450,Escalera Decorativa,49.99,6,12,Decoración,2024-01-09
451,Escalera Decorativa,49.99,6,12,Decoración,2024-01-09
452,Organizador de Escritorio,24.99,15,28,Organización,2023-11-20
453,Escritorio Plegable,89.99,3,8,Muebles,2023-12-19
454,Espejo de Maquillaje,29.99,5,12,Decoración,2024-01-17
455,Tetera de Cerámica,24.95,6,12,Utensilios de cocina,2024-02-04
456,Tetera de Cerámica,24.95,6,12,Utensilios de cocina,2024-02-04
457,Tetera de Cerámica,24.95,6,12,Utensilios de cocina,2024-02-04
458,Organizador de Escritorio,24.99,15,28,Organización,2023-11-20
459,Vajilla de Porcelana,69.99,6,12,Vajilla,2023-11-12
460,Almohada de Plumas,49.95,5,15,Ropa de cama,2023-12-17
461,Cojín para Silla,14.95,15,30,Decoración,2024-01-07
462,Organizador de Escritorio,24.99,15,28,Organización,2023-11-20
463,Juego de Toallas,19.99,20,40,Toallas,2023-11-08
464,Jarrón de Cerámica,39.95,10,20,Decoración,2023-11-18
465,Espejo de Pared,54.99,7,14,Decoración,2023-11-26
466,Lámpara de Mesa,39.95,8,18,Iluminación,2024-01-13
467,Cojines Decorativos,14.99,18,35,Decoración,2023-11-15
468,Dispensador de Jabón,14.99,15,28,Accesorios de baño,2023-12-27
469,Lámpara de Pie,79.99,5,10,Iluminación,2023-11-22
470,Funda de Almohada,9.99,20,40,Ropa de cama,2024-01-29
471,Vajilla de Porcelana,69.99,6,12,Vajilla,2023-11-12
472,Organizador de Escritorio,24.99,15,28,Organización,2023-11-20
473,Escurridor de Cubiertos,12.99,4,10,Utensilios de cocina,2024-01-11
474,Toallero de Pared,19.99,12,25,Accesorios de baño,2024-01-21
475,Escultura de Resina,39.95,4,10,Decoración,2023-12-11
476,Cuadro Decorativo,29.95,12,25,Decoración,2023-12-05
477,Set de Vasos de Vidrio,19.99,12,25,Vajilla,2024-01-03
478,Perchero de Pared,19.95,10,20,Almacenamiento,2024-01-01
479,Escalera Decorativa,49.99,6,12,Decoración,2024-01-09
480,Reloj Despertador,19.95,10,18,Decoración,2024-01-31
481,Organizador de Escritorio,24.99,15,28,Organización,2023-11-20
482,Taburete de Madera,34.99,10,20,Muebles,2023-12-15
483,Set de Vasos de Vidrio,19.99,12,25,Vajilla,2024-01-03
484,Set de Cubiertos,24.95,20,40,Vajilla,2023-12-23
485,Cesta de Mimbre,19.95,20,40,Almacenamiento,2023-11-28
486,Espejo de Maquillaje,29.99,5,12,Decoración,2024-01-17
487,Cojines Decorativos,14.99,18,35,Decoración,2023-11-15
488,Reloj de Pared,29.99,10,20,Decoración,2023-12-21
489,Set de Cucharas de Madera,9.99,30,60,Utensilios de cocina,2023-11-24
490,Jarrón de Cerámica,39.95,10,20,Decoración,2023-11-18
491,Escurridor de Cubiertos,12.99,4,10,Utensilios de cocina,2024-01-11
492,Mantel de Mesa,19.99,15,30,Textiles para el hogar,2023-12-13
493,Lámpara de Pie,79.99,5,10,Iluminación,2023-11-22
494,Escultura de Resina,39.95,4,10,Decoración,2023-12-11
495,Espejo de Pared,54.99,7,14,Decoración,2023-11-26
496,Juego de Toallas,19.99,20,40,Toallas,2023-11-08
497,Lámpara de Pie,79.99,5,10,Iluminación,2023-11-22
498,Organizador de Cajones,24.99,10,20,Organización,2024-01-15
499,Escritorio Plegable,89.99,3,8,Muebles,2023-12-19
500,Jarrón de Cerámica,39.95,10,20,Decoración,2023-11-18
501,Cojines Decorativos,14.99,18,35,Decoración,2023-11-15
502,Reloj Despertador,19.95,10,18,Decoración,2024-01-31
503,Vajilla de Porcelana,69.99,6,12,Vajilla,2023-11-12
504,Lámpara de Mesa,39.95,8,18,Iluminación,2024-01-13
505,Escalera Decorativa,49.99,6,12,Decoración,2024-01-09
506,Manta de Lana,59.99,8,20,Ropa de cama,2023-12-03
507,Candelabro de Cristal,59.95,4,10,Decoración,2024-01-25
508,Set de Toallas de Baño,29.99,8,15,Toallas,2024-02-06
509,Planta Artificial,24.99,10,18,Decoración,2023-12-07
510,Taburete de Madera,34.99,10,20,Muebles,2023-12-15
511,Canasta de Ropa Sucia,34.99,5,12,Almacenamiento,2023-12-29
512,Almohada de Plumas,49.95,5,15,Ropa de cama,2023-12-17
513,Toallero de Pared,19.99,12,25,Accesorios de baño,2024-01-21
514,Cojín para Silla,14.95,15,30,Decoración,2024-01-07
515,Cortinas Opacas,34.99,8,15,Cortinas,2023-11-10
516,Set de Vasos de Vidrio,19.99,12,25,Vajilla,2024-01-03
517,Cortinas Opacas,34.99,8,15,Cortinas,2023-11-10
518,Cesta de Mimbre,19.95,20,40,Almacenamiento,2023-11-28
519,Organizador de Cajones,24.99,10,20,Organización,2024-01-15
520,Cuadro Decorativo,29.95,12,25,Decoración,2023-12-05
521,Candelabro de Metal,45.99,6,12,Decoración,2023-12-09
522,Cojín para Silla,14.95,15,30,Decoración,2024-01-07
523,Set de Toallas de Baño,29.99,8,15,Toallas,2024-02-06
524,Planta Artificial,24.99,10,18,Decoración,2023-12-07
525,Lámpara de Mesa,39.95,8,18,Iluminación,2024-01-13
526,Cortina de Ducha,24.99,8,15,Cortinas,2024-01-05
527,Espejo de Pared,54.99,7,14,Decoración,2023-11-26
528,Lámpara de Mesa,39.95,8,18,Iluminación,2024-01-13
529,Reloj de Pared,29.99,10,20,Decoración,2023-12-21
530,Set de Vasos de Vidrio,19.99,12,25,Vajilla,2024-01-03
531,Escalera Decorativa,49.99,6,12,Decoración,2024-01-09
532,Juego de Sábanas,29.99,25,50,Ropa de cama,2023-11-04
533,Set de Cucharas de Madera,9.99,30,60,Utensilios de cocina,2023-11-24
534,Mantel de Mesa,19.99,15,30,Textiles para el hogar,2023-12-13
535,Organizador de Escritorio,24.99,15,28,Organización,2023-11-20
536,Caja de Almacenamiento,29.99,7,15,Almacenamiento,2024-01-23
537,Canasta de Ropa Sucia,34.99,5,12,Almacenamiento,2023-12-29
538,Estuche de Almohadas,39.95,3,8,Ropa de cama,2024-01-19
539,Taza de Café de Cerámica,6.99,25,45,Vajilla,2023-12-01
540,Alfombra de Área,49.95,12,30,Alfombras,2023-11-06
541,Escalera Decorativa,49.99,6,12,Decoración,2024-01-09
542,Escritorio Plegable,89.99,3,8,Muebles,2023-12-19
543,Escurridor de Cubiertos,12.99,4,10,Utensilios de cocina,2024-01-11
544,Estuche de Almohadas,39.95,3,8,Ropa de cama,2024-01-19
545,Jarrón de Cerámica,39.95,10,20,Decoración,2023-11-18
546,Cortinas Opacas,34.99,8,15,Cortinas,2023-11-10
547,Espejo de Pared,54.99,7,14,Decoración,2023-11-26
548,Estuche de Almohadas,39.95,3,8,Ropa de cama,2024-01-19
549,Cuchillo de Cocina,14.99,15,28,Utensilios de cocina,2024-02-02
550,Set de Toallas de Baño,29.99,8,15,Toallas,2024-02-06
551,Organizador de Escritorio,24.99,15,28,Organización,2023-11-20
552,Taza de Café de Cerámica,6.99,25,45,Vajilla,2023-12-01
553,Canasta de Ropa Sucia,34.99,5,12,Almacenamiento,2023-12-29
554,Set de Cubiertos,24.95,20,40,Vajilla,2023-12-23
555,Dispensador de Jabón,14.99,15,28,Accesorios de baño,2023-12-27
556,Reloj Despertador,19.95,10,18,Decoración,2024-01-31
557,Juego de Sábanas,29.99,25,50,Ropa de cama,2023-11-04
558,Cortinas Opacas,34.99,8,15,Cortinas,2023-11-10
559,Taburete de Madera,34.99,10,20,Muebles,2023-12-15
560,Cojines Decorativos,14.99,18,35,Decoración,2023-11-15
561,Caja de Almacenamiento,29.99,7,15,Almacenamiento,2024-01-23
562,Espejo de Maquillaje,29.99,5,12,Decoración,2024-01-17
563,Juego de Sábanas,29.99,25,50,Ropa de cama,2023-11-04
564,Set de Cubiertos,24.95,20,40,Vajilla,2023-12-23
565,Estante Flotante,34.99,8,20,Almacenamiento,2024-01-27
566,Lámpara de Mesa,39.95,8,18,Iluminación,2024-01-13
567,Cojines Decorativos,14.99,18,35,Decoración,2023-11-15
568,Espejo de Pared,54.99,7,14,Decoración,2023-11-26
569,Espejo de Pared,54.99,7,14,Decoración,2023-11-26
570,Jarrón de Cerámica,39.95,10,20,Decoración,2023-11-18
571,Cojín para Silla,14.95,15,30,Decoración,2024-01-07
572,Candelabro de Metal,45.99,6,12,Decoración,2023-12-09
573,Funda de Almohada,9.99,20,40,Ropa de cama,2024-01-29
574,Cuadro Decorativo,29.95,12,25,Decoración,2023-12-05
575,Mantel de Mesa,19.99,15,30,Textiles para el hogar,2023-12-13
576,Lámpara de Pie,79.99,5,10,Iluminación,2023-11-22
577,Mantel de Mesa,19.99,15,30,Textiles para el hogar,2023-12-13
578,Taburete de Madera,34.99,10,20,Muebles,2023-12-15
579,Funda de Almohada,9.99,20,40,Ropa de cama,2024-01-29
580,Alfombra de Área,49.95,12,30,Alfombras,2023-11-06
581,Planta Artificial,24.99,10,18,Decoración,2023-12-07
582,Escritorio Plegable,89.99,3,8,Muebles,2023-12-19
583,Perchero de Pared,19.95,10,20,Almacenamiento,2024-01-01
584,Escultura de Resina,39.95,4,10,Decoración,2023-12-11
585,Almohada de Plumas,49.95,5,15,Ropa de cama,2023-12-17
586,Organizador de Cajones,24.99,10,20,Organización,2024-01-15
587,Set de Cubiertos,24.95,20,40,Vajilla,2023-12-23
588,Juego de Sábanas,29.99,25,50,Ropa de cama,2023-11-04
589,Estante Flotante,34.99,8,20,Almacenamiento,2024-01-27
590,Taburete de Madera,34.99,10,20,Muebles,2023-12-15
591,Cortina de Ducha,24.99,8,15,Cortinas,2024-01-05
592,Set de Vasos de Vidrio,19.99,12,25,Vajilla,2024-01-03
593,Set de Cubiertos,24.95,20,40,Vajilla,2023-12-23
594,Taza de Café de Cerámica,6.99,25,45,Vajilla,2023-12-01
595,Reloj Despertador,19.95,10,18,Decoración,2024-01-31
596,Lámpara de Pie,79.99,5,10,Iluminación,2023-11-22
597,Organizador de Cajones,24.99,10,20,Organización,2024-01-15
598,Perchero de Pared,19.95,10,20,Almacenamiento,2024-01-01
599,Taburete de Madera,34.99,10,20,Muebles,2023-12-15
600,Toallero de Pared,19.99,12,25,Accesorios de baño,2024-01-21
601,Cuadro Decorativo,29.95,12,25,Decoración,2023-12-05
602,Reloj de Pared,29.99,10,20,Decoración,2023-12-21
603,Taza de Café de Cerámica,6.99,25,45,Vajilla,2023-12-01
604,Lámpara de Mesa,39.95,8,18,Iluminación,2024-01-13
605,Escalera Decorativa,49.99,6,12,Decoración,2024-01-09
606,Juego de Toallas,19.99,20,40,Toallas,2023-11-08
607,Cuadro Decorativo,29.95,12,25,Decoración,2023-12-05
608,Set de Toallas de Baño,29.99,8,15,Toallas,2024-02-06
609,Lámpara de Mesa,39.95,8,18,Iluminación,2024-01-13
610,Almohada de Plumas,49.95,5,15,Ropa de cama,2023-12-17
611,Manta de Lana,59.99,8,20,Ropa de cama,2023-12-03
612,Toallero de Pared,19.99,12,25,Accesorios de baño,2024-01-21
613,Canasta de Ropa Sucia,34.99,5,12,Almacenamiento,2023-12-29
614,Taza de Café de Cerámica,6.99,25,45,Vajilla,2023-12-01
615,Cesta de Mimbre,19.95,20,40,Almacenamiento,2023-11-28
616,Escurridor de Cubiertos,12.99,4,10,Utensilios de cocina,2024-01-11
617,Taburete de Madera,34.99,10,20,Muebles,2023-12-15
618,Reloj de Pared,29.99,10,20,Decoración,2023-12-21
619,Lámpara de Pie,79.99,5,10,Iluminación,2023-11-22
620,Alfombra de Área,49.95,12,30,Alfombras,2023-11-06
621,Planta Artificial,24.99,10,18,Decoración,2023-12-07
622,Cortinas Opacas,34.99,8,15,Cortinas,2023-11-10
623,Taza de Café de Cerámica,6.99,25,45,Vajilla,2023-12-01
624,Cesta de Mimbre,19.95,20,40,Almacenamiento,2023-11-28
625,Cortina de Ducha,24.99,8,15,Cortinas,2024-01-05
626,Funda de Almohada,9.99,20,40,Ropa de cama,2024-01-29
627,Escultura de Resina,39.95,4,10,Decoración,2023-12-11
628,Escurridor de Cubiertos,12.99,4,10,Utensilios de cocina,2024-01-11
629,Candelabro de Metal,45.99,6,12,Decoración,2023-12-09
630,Espejo de Maquillaje,29.99,5,12,Decoración,2024-01-17
631,Reloj Despertador,19.95,10,18,Decoración,2024-01-31
632,Vajilla de Porcelana,69.99,6,12,Vajilla,2023-11-12
633,Alfombra de Área,49.95,12,30,Alfombras,2023-11-06
634,Tetera de Cerámica,24.95,6,12,Utensilios de cocina,2024-02-04
635,Estuche de Almohadas,39.95,3,8,Ropa de cama,2024-01-19
636,Juego de Toallas,19.99,20,40,Toallas,2023-11-08
637,Planta Artificial,24.99,10,18,Decoración,2023-12-07
638,Lámpara de Mesa,39.95,8,18,Iluminación,2024-01-13
639,Set de Cubiertos,24.95,20,40,Vajilla,2023-12-23
640,Escritorio Plegable,89.99,3,8,Muebles,2023-12-19
641,Cesta de Mimbre,19.95,20,40,Almacenamiento,2023-11-28
642,Perchero de Pared,19.95,10,20,Almacenamiento,2024-01-01
643,Set de Toallas de Baño,29.99,8,15,Toallas,2024-02-06
644,Perchero de Pared,19.95,10,20,Almacenamiento,2024-01-01
645,Manta de Lana,59.99,8,20,Ropa de cama,2023-12-03
646,Taza de Café de Cerámica,6.99,25,45,Vajilla,2023-12-01
647,Cortinas Opacas,34.99,8,15,Cortinas,2023-11-10
648,Organizador de Escritorio,24.99,15,28,Organización,2023-11-20
649,Cortina de Ducha,24.99,8,15,Cortinas,2024-01-05
650,Reloj de Pared,29.99,10,20,Decoración,2023-12-21
651,Escurridor de Cubiertos,12.99,4,10,Utensilios de cocina,2024-01-11
652,Escalera Decorativa,49.99,6,12,Decoración,2024-01-09
653,Set de Vasos de Vidrio,19.99,12,25,Vajilla,2024-01-03
654,Cojín para Silla,14.95,15,30,Decoración,2024-01-07
655,Escalera Decorativa,49.99,6,12,Decoración,2024-01-09
656,Taburete de Madera,34.99,10,20,Muebles,2023-12-15
657,Juego de Toallas,19.99,20,40,Toallas,2023-11-08
658,Cuadro Decorativo,29.95,12,25,Decoración,2023-12-05
659,Planta Artificial,24.99,10,18,Decoración,2023-12-07
660,Set de Cucharas de Madera,9.99,30,60,Utensilios de cocina,2023-11-24
661,Cortina de Ducha,24.99,8,15,Cortinas,2024-01-05
662,Manta de Lana,59.99,8,20,Ropa de cama,2023-12-03
663,Tetera de Cerámica,24.95,6,12,Utensilios de cocina,2024-02-04
664,Escalera Decorativa,49.99,6,12,Decoración,2024-01-09
665,Escurridor de Platos,19.99,8,15,Utensilios de cocina,2023-12-25
666,Lámpara de Mesa,39.95,8,18,Iluminación,2024-01-13
667,Espejo de Maquillaje,29.99,5,12,Decoración,2024-01-17
668,Taburete de Madera,34.99,10,20,Muebles,2023-12-15
669,Perchero de Pared,19.95,10,20,Almacenamiento,2024-01-01
670,Canasta de Ropa Sucia,34.99,5,12,Almacenamiento,2023-12-29
671,Planta Artificial,24.99,10,18,Decoración,2023-12-07
672,Estuche de Almohadas,39.95,3,8,Ropa de cama,2024-01-19
673,Organizador de Escritorio,24.99,15,28,Organización,2023-11-20
674,Cuadro Decorativo,29.95,12,25,Decoración,2023-12-05
675,Candelabro de Cristal,59.95,4,10,Decoración,2024-01-25
676,Taza de Café de Cerámica,6.99,25,45,Vajilla,2023-12-01
677,Caja de Almacenamiento,29.99,7,15,Almacenamiento,2024-01-23
678,Juego de Sábanas,29.99,25,50,Ropa de cama,2023-11-04
679,Manta de Lana,59.99,8,20,Ropa de cama,2023-12-03
680,Juego de Sábanas,29.99,25,50,Ropa de cama,2023-11-04
681,Cuadro Decorativo,29.95,12,25,Decoración,2023-12-05
682,Escurridor de Cubiertos,12.99,4,10,Utensilios de cocina,2024-01-11
683,Set de Cubiertos,24.95,20,40,Vajilla,2023-12-23
684,Taza de Café de Cerámica,6.99,25,45,Vajilla,2023-12-01
685,Candelabro de Cristal,59.95,4,10,Decoración,2024-01-25
686,Espejo de Maquillaje,29.99,5,12,Decoración,2024-01-17
687,Cojín para Silla,14.95,15,30,Decoración,2024-01-07
688,Cojín para Silla,14.95,15,30,Decoración,2024-01-07
689,Cortina de Ducha,24.99,8,15,Cortinas,2024-01-05
690,Perchero de Pared,19.95,10,20,Almacenamiento,2024-01-01
691,Alfombra de Área,49.95,12,30,Alfombras,2023-11-06
692,Cojines Decorativos,14.99,18,35,Decoración,2023-11-15
693,Set de Cucharas de Madera,9.99,30,60,Utensilios de cocina,2023-11-24
694,Funda de Almohada,9.99,20,40,Ropa de cama,2024-01-29
695,Jarrón de Cerámica,39.95,10,20,Decoración,2023-11-18
696,Candelabro de Cristal,59.95,4,10,Decoración,2024-01-25
697,Set de Vasos de Vidrio,19.99,12,25,Vajilla,2024-01-03
698,Candelabro de Metal,45.99,6,12,Decoración,2023-12-09
699,Cesta de Mimbre,19.95,20,40,Almacenamiento,2023-11-28
700,Organizador de Escritorio,24.99,15,28,Organización,2023-11-20
701,Cojín para Silla,14.95,15,30,Decoración,2024-01-07
702,Taburete de Madera,34.99,10,20,Muebles,2023-12-15
703,Estante Flotante,34.99,8,20,Almacenamiento,2024-01-27
704,Set de Toallas de Baño,29.99,8,15,Toallas,2024-02-06
705,Cuadro Decorativo,29.95,12,25,Decoración,2023-12-05
706,Organizador de Cajones,24.99,10,20,Organización,2024-01-15
707,Escalera Decorativa,49.99,6,12,Decoración,2024-01-09
708,Organizador de Cajones,24.99,10,20,Organización,2024-01-15
709,Escalera Decorativa,49.99,6,12,Decoración,2024-01-09
710,Candelabro de Cristal,59.95,4,10,Decoración,2024-01-25
711,Reloj Despertador,19.95,10,18,Decoración,2024-01-31
712,Juego de Toallas,19.99,20,40,Toallas,2023-11-08
713,Reloj Despertador,19.95,10,18,Decoración,2024-01-31
714,Lámpara de Pie,79.99,5,10,Iluminación,2023-11-22
715,Candelabro de Cristal,59.95,4,10,Decoración,2024-01-25
716,Cuadro Decorativo,29.95,12,25,Decoración,2023-12-05
717,Set de Vasos de Vidrio,19.99,12,25,Vajilla,2024-01-03
718,Candelabro de Cristal,59.95,4,10,Decoración,2024-01-25
719,Alfombra de Área,49.95,12,30,Alfombras,2023-11-06
720,Cojines Decorativos,14.99,18,35,Decoración,2023-11-15
721,Lámpara de Pie,79.99,5,10,Iluminación,2023-11-22
722,Cortina de Ducha,24.99,8,15,Cortinas,2024-01-05
723,Taza de Café de Cerámica,6.99,25,45,Vajilla,2023-12-01
724,Caja de Almacenamiento,29.99,7,15,Almacenamiento,2024-01-23
725,Alfombra de Área,49.95,12,30,Alfombras,2023-11-06
726,Escurridor de Platos,19.99,8,15,Utensilios de cocina,2023-12-25
727,Lámpara de Pie,79.99,5,10,Iluminación,2023-11-22
728,Set de Vasos de Vidrio,19.99,12,25,Vajilla,2024-01-03
729,Set de Cubiertos,24.95,20,40,Vajilla,2023-12-23
730,Estuche de Almohadas,39.95,3,8,Ropa de cama,2024-01-19
731,Set de Vasos de Vidrio,19.99,12,25,Vajilla,2024-01-03
732,Juego de Toallas,19.99,20,40,Toallas,2023-11-08
733,Cuchillo de Cocina,14.99,15,28,Utensilios de cocina,2024-02-02
734,Escalera Decorativa,49.99,6,12,Decoración,2024-01-09
735,Estuche de Almohadas,39.95,3,8,Ropa de cama,2024-01-19
736,Taburete de Madera,34.99,10,20,Muebles,2023-12-15
737,Perchero de Pared,19.95,10,20,Almacenamiento,2024-01-01
738,Candelabro de Cristal,59.95,4,10,Decoración,2024-01-25
739,Cuchillo de Cocina,14.99,15,28,Utensilios de cocina,2024-02-02
740,Dispensador de Jabón,14.99,15,28,Accesorios de baño,2023-12-27
741,Planta Artificial,24.99,10,18,Decoración,2023-12-07
742,Almohada de Plumas,49.95,5,15,Ropa de cama,2023-12-17
743,Set de Toallas de Baño,29.99,8,15,Toallas,2024-02-06
744,Cesta de Mimbre,19.95,20,40,Almacenamiento,2023-11-28
745,Organizador de Escritorio,24.99,15,28,Organización,2023-11-20
746,Reloj de Pared,29.99,10,20,Decoración,2023-12-21
747,Juego de Sábanas,29.99,25,50,Ropa de cama,2023-11-04
748,Vajilla de Porcelana,69.99,6,12,Vajilla,2023-11-12
749,Espejo de Pared,54.99,7,14,Decoración,2023-11-26
750,Toallero de Pared,19.99,12,25,Accesorios de baño,2024-01-21
751,Candelabro de Cristal,59.95,4,10,Decoración,2024-01-25
752,Cuchillo de Cocina,14.99,15,28,Utensilios de cocina,2024-02-02
753,Candelabro de Cristal,59.95,4,10,Decoración,2024-01-25
754,Toallero de Pared,19.99,12,25,Accesorios de baño,2024-01-21
755,Alfombra de Área,49.95,12,30,Alfombras,2023-11-06
756,Escalera Decorativa,49.99,6,12,Decoración,2024-01-09
757,Caja de Almacenamiento,29.99,7,15,Almacenamiento,2024-01-23
758,Cuchillo de Cocina,14.99,15,28,Utensilios de cocina,2024-02-02
759,Funda de Almohada,9.99,20,40,Ropa de cama,2024-01-29
760,Candelabro de Cristal,59.95,4,10,Decoración,2024-01-25
761,Planta Artificial,24.99,10,18,Decoración,2023-12-07
762,Estuche de Almohadas,39.95,3,8,Ropa de cama,2024-01-19
763,Candelabro de Cristal,59.95,4,10,Decoración,2024-01-25
764,Set de Cubiertos,24.95,20,40,Vajilla,2023-12-23
765,Dispensador de Jabón,14.99,15,28,Accesorios de baño,2023-12-27
766,Tetera de Cerámica,24.95,6,12,Utensilios de cocina,2024-02-04
767,Tetera de Cerámica,24.95,6,12,Utensilios de cocina,2024-02-04
768,Reloj de Pared,29.99,10,20,Decoración,2023-12-21
769,Perchero de Pared,19.95,10,20,Almacenamiento,2024-01-01
770,Caja de Almacenamiento,29.99,7,15,Almacenamiento,2024-01-23
771,Jarrón de Cerámica,39.95,10,20,Decoración,2023-11-18
772,Toallero de Pared,19.99,12,25,Accesorios de baño,2024-01-21
773,Lámpara de Pie,79.99,5,10,Iluminación,2023-11-22
774,Caja de Almacenamiento,29.99,7,15,Almacenamiento,2024-01-23
775,Manta de Lana,59.99,8,20,Ropa de cama,2023-12-03
776,Reloj de Pared,29.99,10,20,Decoración,2023-12-21
777,Planta Artificial,24.99,10,18,Decoración,2023-12-07
778,Organizador de Cajones,24.99,10,20,Organización,2024-01-15
779,Set de Cucharas de Madera,9.99,30,60,Utensilios de cocina,2023-11-24
780,Escritorio Plegable,89.99,3,8,Muebles,2023-12-19
781,Caja de Almacenamiento,29.99,7,15,Almacenamiento,2024-01-23
782,Canasta de Ropa Sucia,34.99,5,12,Almacenamiento,2023-12-29
783,Mantel de Mesa,19.99,15,30,Textiles para el hogar,2023-12-13
784,Cuadro Decorativo,29.95,12,25,Decoración,2023-12-05
785,Mantel de Mesa,19.99,15,30,Textiles para el hogar,2023-12-13
786,Candelabro de Cristal,59.95,4,10,Decoración,2024-01-25
787,Escultura de Resina,39.95,4,10,Decoración,2023-12-11
788,Caja de Almacenamiento,29.99,7,15,Almacenamiento,2024-01-23
789,Cojín para Silla,14.95,15,30,Decoración,2024-01-07
790,Canasta de Ropa Sucia,34.99,5,12,Almacenamiento,2023-12-29
791,Escalera Decorativa,49.99,6,12,Decoración,2024-01-09
792,Estuche de Almohadas,39.95,3,8,Ropa de cama,2024-01-19
793,Candelabro de Metal,45.99,6,12,Decoración,2023-12-09
794,Cuchillo de Cocina,14.99,15,28,Utensilios de cocina,2024-02-02
795,Escalera Decorativa,49.99,6,12,Decoración,2024-01-09
796,Juego de Sábanas,29.99,25,50,Ropa de cama,2023-11-04
797,Taburete de Madera,34.99,10,20,Muebles,2023-12-15
798,Alfombra de Área,49.95,12,30,Alfombras,2023-11-06
799,Dispensador de Jabón,14.99,15,28,Accesorios de baño,2023-12-27
800,Candelabro de Metal,45.99,6,12,Decoración,2023-12-09
801,Manta de Lana,59.99,8,20,Ropa de cama,2023-12-03
802,Reloj Despertador,19.95,10,18,Decoración,2024-01-31
803,Dispensador de Jabón,14.99,15,28,Accesorios de baño,2023-12-27
804,Escurridor de Cubiertos,12.99,4,10,Utensilios de cocina,2024-01-11
805,Caja de Almacenamiento,29.99,7,15,Almacenamiento,2024-01-23
806,Reloj Despertador,19.95,10,18,Decoración,2024-01-31
807,Alfombra de Área,49.95,12,30,Alfombras,2023-11-06
808,Estante Flotante,34.99,8,20,Almacenamiento,2024-01-27
809,Cortinas Opacas,34.99,8,15,Cortinas,2023-11-10
810,Set de Cucharas de Madera,9.99,30,60,Utensilios de cocina,2023-11-24
811,Set de Cucharas de Madera,9.99,30,60,Utensilios de cocina,2023-11-24
812,Espejo de Pared,54.99,7,14,Decoración,2023-11-26
813,Toallero de Pared,19.99,12,25,Accesorios de baño,2024-01-21
814,Juego de Sábanas,29.99,25,50,Ropa de cama,2023-11-04
815,Escurridor de Platos,19.99,8,15,Utensilios de cocina,2023-12-25
816,Escurridor de Cubiertos,12.99,4,10,Utensilios de cocina,2024-01-11
817,Set de Toallas de Baño,29.99,8,15,Toallas,2024-02-06
818,Escultura de Resina,39.95,4,10,Decoración,2023-12-11
819,Cojín para Silla,14.95,15,30,Decoración,2024-01-07
820,Escultura de Resina,39.95,4,10,Decoración,2023-12-11
821,Lámpara de Mesa,39.95,8,18,Iluminación,2024-01-13
822,Lámpara de Pie,79.99,5,10,Iluminación,2023-11-22
823,Candelabro de Cristal,59.95,4,10,Decoración,2024-01-25
824,Jarrón de Cerámica,39.95,10,20,Decoración,2023-11-18
825,Set de Toallas de Baño,29.99,8,15,Toallas,2024-02-06
826,Cortinas Opacas,34.99,8,15,Cortinas,2023-11-10
827,Funda de Almohada,9.99,20,40,Ropa de cama,2024-01-29
828,Cortinas Opacas,34.99,8,15,Cortinas,2023-11-10
829,Juego de Toallas,19.99,20,40,Toallas,2023-11-08
830,Juego de Toallas,19.99,20,40,Toallas,2023-11-08
831,Caja de Almacenamiento,29.99,7,15,Almacenamiento,2024-01-23
832,Funda de Almohada,9.99,20,40,Ropa de cama,2024-01-29
833,Candelabro de Metal,45.99,6,12,Decoración,2023-12-09
834,Lámpara de Mesa,39.95,8,18,Iluminación,2024-01-13
835,Cojines Decorativos,14.99,18,35,Decoración,2023-11-15
836,Cuchillo de Cocina,14.99,15,28,Utensilios de cocina,2024-02-02
837,Juego de Sábanas,29.99,25,50,Ropa de cama,2023-11-04
838,Espejo de Pared,54.99,7,14,Decoración,2023-11-26
839,Vajilla de Porcelana,69.99,6,12,Vajilla,2023-11-12
840,Escurridor de Cubiertos,12.99,4,10,Utensilios de cocina,2024-01-11
841,Organizador de Cajones,24.99,10,20,Organización,2024-01-15
842,Escritorio Plegable,89.99,3,8,Muebles,2023-12-19
843,Espejo de Pared,54.99,7,14,Decoración,2023-11-26
844,Candelabro de Metal,45.99,6,12,Decoración,2023-12-09
845,Espejo de Pared,54.99,7,14,Decoración,2023-11-26
846,Reloj Despertador,19.95,10,18,Decoración,2024-01-31
847,Tetera de Cerámica,24.95,6,12,Utensilios de cocina,2024-02-04
848,Manta de Lana,59.99,8,20,Ropa de cama,2023-12-03
849,Vajilla de Porcelana,69.99,6,12,Vajilla,2023-11-12
850,Estuche de Almohadas,39.95,3,8,Ropa de cama,2024-01-19
851,Organizador de Cajones,24.99,10,20,Organización,2024-01-15
852,Almohada de Plumas,49.95,5,15,Ropa de cama,2023-12-17
853,Lámpara de Mesa,39.95,8,18,Iluminación,2024-01-13
854,Almohada de Plumas,49.95,5,15,Ropa de cama,2023-12-17
855,Espejo de Maquillaje,29.99,5,12,Decoración,2024-01-17
856,Cortinas Opacas,34.99,8,15,Cortinas,2023-11-10
857,Mantel de Mesa,19.99,15,30,Textiles para el hogar,2023-12-13
858,Cuadro Decorativo,29.95,12,25,Decoración,2023-12-05
859,Set de Cucharas de Madera,9.99,30,60,Utensilios de cocina,2023-11-24
860,Espejo de Maquillaje,29.99,5,12,Decoración,2024-01-17
861,Estuche de Almohadas,39.95,3,8,Ropa de cama,2024-01-19
862,Cuadro Decorativo,29.95,12,25,Decoración,2023-12-05
863,Cojín para Silla,14.95,15,30,Decoración,2024-01-07
864,Set de Toallas de Baño,29.99,8,15,Toallas,2024-02-06
865,Dispensador de Jabón,14.99,15,28,Accesorios de baño,2023-12-27
866,Taburete de Madera,34.99,10,20,Muebles,2023-12-15
867,Cojín para Silla,14.95,15,30,Decoración,2024-01-07
868,Toallero de Pared,19.99,12,25,Accesorios de baño,2024-01-21
869,Escurridor de Platos,19.99,8,15,Utensilios de cocina,2023-12-25
870,Escritorio Plegable,89.99,3,8,Muebles,2023-12-19
871,Set de Toallas de Baño,29.99,8,15,Toallas,2024-02-06
872,Vajilla de Porcelana,69.99,6,12,Vajilla,2023-11-12
873,Vajilla de Porcelana,69.99,6,12,Vajilla,2023-11-12
874,Funda de Almohada,9.99,20,40,Ropa de cama,2024-01-29
875,Escurridor de Cubiertos,12.99,4,10,Utensilios de cocina,2024-01-11
876,Manta de Lana,59.99,8,20,Ropa de cama,2023-12-03
877,Estante Flotante,34.99,8,20,Almacenamiento,2024-01-27
878,Canasta de Ropa Sucia,34.99,5,12,Almacenamiento,2023-12-29
879,Espejo de Pared,54.99,7,14,Decoración,2023-11-26
880,Cuchillo de Cocina,14.99,15,28,Utensilios de cocina,2024-02-02
881,Cojín para Silla,14.95,15,30,Decoración,2024-01-07
882,Lámpara de Pie,79.99,5,10,Iluminación,2023-11-22
883,Organizador de Cajones,24.99,10,20,Organización,2024-01-15
884,Juego de Sábanas,29.99,25,50,Ropa de cama,2023-11-04
885,Cojín para Silla,14.95,15,30,Decoración,2024-01-07
886,Dispensador de Jabón,14.99,15,28,Accesorios de baño,2023-12-27
887,Organizador de Cajones,24.99,10,20,Organización,2024-01-15
888,Taburete de Madera,34.99,10,20,Muebles,2023-12-15
889,Set de Cubiertos,24.95,20,40,Vajilla,2023-12-23
890,Caja de Almacenamiento,29.99,7,15,Almacenamiento,2024-01-23
891,Escultura de Resina,39.95,4,10,Decoración,2023-12-11
892,Organizador de Escritorio,24.99,15,28,Organización,2023-11-20
893,Escritorio Plegable,89.99,3,8,Muebles,2023-12-19
894,Reloj de Pared,29.99,10,20,Decoración,2023-12-21
895,Perchero de Pared,19.95,10,20,Almacenamiento,2024-01-01
896,Cojines Decorativos,14.99,18,35,Decoración,2023-11-15
897,Cesta de Mimbre,19.95,20,40,Almacenamiento,2023-11-28
898,Espejo de Pared,54.99,7,14,Decoración,2023-11-26
899,Canasta de Ropa Sucia,34.99,5,12,Almacenamiento,2023-12-29
900,Juego de Toallas,19.99,20,40,Toallas,2023-11-08
901,Set de Cucharas de Madera,9.99,30,60,Utensilios de cocina,2023-11-24
902,Cuchillo de Cocina,14.99,15,28,Utensilios de cocina,2024-02-02
903,Organizador de Cajones,24.99,10,20,Organización,2024-01-15
904,Escurridor de Cubiertos,12.99,4,10,Utensilios de cocina,2024-01-11
905,Canasta de Ropa Sucia,34.99,5,12,Almacenamiento,2023-12-29
906,Tetera de Cerámica,24.95,6,12,Utensilios de cocina,2024-02-04
907,Set de Toallas de Baño,29.99,8,15,Toallas,2024-02-06
908,Cojín para Silla,14.95,15,30,Decoración,2024-01-07
909,Lámpara de Mesa,39.95,8,18,Iluminación,2024-01-13
910,Set de Toallas de Baño,29.99,8,15,Toallas,2024-02-06
911,Set de Cucharas de Madera,9.99,30,60,Utensilios de cocina,2023-11-24
912,Perchero de Pared,19.95,10,20,Almacenamiento,2024-01-01
913,Espejo de Maquillaje,29.99,5,12,Decoración,2024-01-17
914,Cortina de Ducha,24.99,8,15,Cortinas,2024-01-05
915,Candelabro de Cristal,59.95,4,10,Decoración,2024-01-25
916,Set de Vasos de Vidrio,19.99,12,25,Vajilla,2024-01-03
917,Cuadro Decorativo,29.95,12,25,Decoración,2023-12-05
918,Set de Vasos de Vidrio,19.99,12,25,Vajilla,2024-01-03
919,Cojines Decorativos,14.99,18,35,Decoración,2023-11-15
920,Vajilla de Porcelana,69.99,6,12,Vajilla,2023-11-12
921,Escultura de Resina,39.95,4,10,Decoración,2023-12-11
922,Almohada de Plumas,49.95,5,15,Ropa de cama,2023-12-17
923,Espejo de Maquillaje,29.99,5,12,Decoración,2024-01-17
924,Candelabro de Cristal,59.95,4,10,Decoración,2024-01-25
925,Organizador de Cajones,24.99,10,20,Organización,2024-01-15
926,Planta Artificial,24.99,10,18,Decoración,2023-12-07
927,Cuchillo de Cocina,14.99,15,28,Utensilios de cocina,2024-02-02
928,Vajilla de Porcelana,69.99,6,12,Vajilla,2023-11-12
929,Dispensador de Jabón,14.99,15,28,Accesorios de baño,2023-12-27
930,Dispensador de Jabón,14.99,15,28,Accesorios de baño,2023-12-27
931,Organizador de Escritorio,24.99,15,28,Organización,2023-11-20
932,Escurridor de Platos,19.99,8,15,Utensilios de cocina,2023-12-25
933,Organizador de Escritorio,24.99,15,28,Organización,2023-11-20
934,Set de Cucharas de Madera,9.99,30,60,Utensilios de cocina,2023-11-24
935,Jarrón de Cerámica,39.95,10,20,Decoración,2023-11-18
936,Taburete de Madera,34.99,10,20,Muebles,2023-12-15
937,Escurridor de Platos,19.99,8,15,Utensilios de cocina,2023-12-25
938,Cuadro Decorativo,29.95,12,25,Decoración,2023-12-05
939,Reloj Despertador,19.95,10,18,Decoración,2024-01-31
940,Caja de Almacenamiento,29.99,7,15,Almacenamiento,2024-01-23
941,Escurridor de Platos,19.99,8,15,Utensilios de cocina,2023-12-25
942,Manta de Lana,59.99,8,20,Ropa de cama,2023-12-03
943,Reloj Despertador,19.95,10,18,Decoración,2024-01-31
944,Canasta de Ropa Sucia,34.99,5,12,Almacenamiento,2023-12-29
945,Alfombra de Área,49.95,12,30,Alfombras,2023-11-06
946,Escritorio Plegable,89.99,3,8,Muebles,2023-12-19
947,Lámpara de Mesa,39.95,8,18,Iluminación,2024-01-13
948,Almohada de Plumas,49.95,5,15,Ropa de cama,2023-12-17
949,Reloj Despertador,19.95,10,18,Decoración,2024-01-31
950,Set de Cucharas de Madera,9.99,30,60,Utensilios de cocina,2023-11-24
951,Escurridor de Platos,19.99,8,15,Utensilios de cocina,2023-12-25
952,Escurridor de Cubiertos,12.99,4,10,Utensilios de cocina,2024-01-11
953,Perchero de Pared,19.95,10,20,Almacenamiento,2024-01-01
954,Jarrón de Cerámica,39.95,10,20,Decoración,2023-11-18
955,Mantel de Mesa,19.99,15,30,Textiles para el hogar,2023-12-13
956,Cortinas Opacas,34.99,8,15,Cortinas,2023-11-10
957,Candelabro de Cristal,59.95,4,10,Decoración,2024-01-25
958,Cortina de Ducha,24.99,8,15,Cortinas,2024-01-05
959,Organizador de Escritorio,24.99,15,28,Organización,2023-11-20
960,Candelabro de Cristal,59.95,4,10,Decoración,2024-01-25
961,Cuchillo de Cocina,14.99,15,28,Utensilios de cocina,2024-02-02
962,Cuadro Decorativo,29.95,12,25,Decoración,2023-12-05
963,Jarrón de Cerámica,39.95,10,20,Decoración,2023-11-18
964,Set de Cubiertos,24.95,20,40,Vajilla,2023-12-23
965,Perchero de Pared,19.95,10,20,Almacenamiento,2024-01-01
966,Set de Cucharas de Madera,9.99,30,60,Utensilios de cocina,2023-11-24
967,Cojín para Silla,14.95,15,30,Decoración,2024-01-07
968,Cuchillo de Cocina,14.99,15,28,Utensilios de cocina,2024-02-02
969,Juego de Sábanas,29.99,25,50,Ropa de cama,2023-11-04
970,Funda de Almohada,9.99,20,40,Ropa de cama,2024-01-29
971,Set de Cucharas de Madera,9.99,30,60,Utensilios de cocina,2023-11-24
972,Escultura de Resina,39.95,4,10,Decoración,2023-12-11
973,Cojines Decorativos,14.99,18,35,Decoración,2023-11-15
974,Candelabro de Metal,45.99,6,12,Decoración,2023-12-09
975,Cesta de Mimbre,19.95,20,40,Almacenamiento,2023-11-28
976,Organizador de Escritorio,24.99,15,28,Organización,2023-11-20
977,Organizador de Cajones,24.99,10,20,Organización,2024-01-15
978,Manta de Lana,59.99,8,20,Ropa de cama,2023-12-03
979,Planta Artificial,24.99,10,18,Decoración,2023-12-07
980,Funda de Almohada,9.99,20,40,Ropa de cama,2024-01-29
981,Tetera de Cerámica,24.95,6,12,Utensilios de cocina,2024-02-04
982,Candelabro de Metal,45.99,6,12,Decoración,2023-12-09
983,Espejo de Maquillaje,29.99,5,12,Decoración,2024-01-17
984,Dispensador de Jabón,14.99,15,28,Accesorios de baño,2023-12-27
985,Candelabro de Metal,45.99,6,12,Decoración,2023-12-09
986,Cesta de Mimbre,19.95,20,40,Almacenamiento,2023-11-28
987,Candelabro de Cristal,59.95,4,10,Decoración,2024-01-25
988,Taza de Café de Cerámica,6.99,25,45,Vajilla,2023-12-01
989,Set de Cucharas de Madera,9.99,30,60,Utensilios de cocina,2023-11-24
990,Espejo de Maquillaje,29.99,5,12,Decoración,2024-01-17
991,Organizador de Cajones,24.99,10,20,Organización,2024-01-15
992,Lámpara de Pie,79.99,5,10,Iluminación,2023-11-22
993,Caja de Almacenamiento,29.99,7,15,Almacenamiento,2024-01-23
994,Reloj Despertador,19.95,10,18,Decoración,2024-01-31
995,Cuadro Decorativo,29.95,12,25,Decoración,2023-12-05
996,Canasta de Ropa Sucia,34.99,5,12,Almacenamiento,2023-12-29
997,Reloj de Pared,29.99,10,20,Decoración,2023-12-21
998,Reloj de Pared,29.99,10,20,Decoración,2023-12-21
999,Organizador de Cajones,24.99,10,20,Organización,2024-01-15
1000,Cesta de Mimbre,19.95,20,40,Almacenamiento,2023-11-28
1001,Cortinas Opacas,34.99,8,15,Cortinas,2023-11-10
1002,Juego de Sábanas,29.99,25,50,Ropa de cama,2023-11-04
1003,Manta de Lana,59.99,8,20,Ropa de cama,2023-12-03
1004,Set de Vasos de Vidrio,19.99,12,25,Vajilla,2024-01-03
1005,Juego de Sábanas,29.99,25,50,Ropa de cama,2023-11-04
1006,Taza de Café de Cerámica,6.99,25,45,Vajilla,2023-12-01
1007,Perchero de Pared,19.95,10,20,Almacenamiento,2024-01-01
1008,Escurridor de Cubiertos,12.99,4,10,Utensilios de cocina,2024-01-11
1009,Cortinas Opacas,34.99,8,15,Cortinas,2023-11-10
1010,Cortinas Opacas,34.99,8,15,Cortinas,2023-11-10
1011,Dispensador de Jabón,14.99,15,28,Accesorios de baño,2023-12-27
1012,Escritorio Plegable,89.99,3,8,Muebles,2023-12-19
1013,Espejo de Maquillaje,29.99,5,12,Decoración,2024-01-17
1014,Jarrón de Cerámica,39.95,10,20,Decoración,2023-11-18
1015,Cesta de Mimbre,19.95,20,40,Almacenamiento,2023-11-28
1016,Dispensador de Jabón,14.99,15,28,Accesorios de baño,2023-12-27
1017,Espejo de Maquillaje,29.99,5,12,Decoración,2024-01-17
1018,Estuche de Almohadas,39.95,3,8,Ropa de cama,2024-01-19
1019,Jarrón de Cerámica,39.95,10,20,Decoración,2023-11-18
1020,Tetera de Cerámica,24.95,6,12,Utensilios de cocina,2024-02-04
1021,Lámpara de Pie,79.99,5,10,Iluminación,2023-11-22
1022,Cuadro Decorativo,29.95,12,25,Decoración,2023-12-05
1023,Cesta de Mimbre,19.95,20,40,Almacenamiento,2023-11-28
1024,Set de Toallas de Baño,29.99,8,15,Toallas,2024-02-06
1025,Lámpara de Pie,79.99,5,10,Iluminación,2023-11-22
1026,Escritorio Plegable,89.99,3,8,Muebles,2023-12-19
1027,Taburete de Madera,34.99,10,20,Muebles,2023-12-15
1028,Toallero de Pared,19.99,12,25,Accesorios de baño,2024-01-21
1029,Cojines Decorativos,14.99,18,35,Decoración,2023-11-15
1030,Estante Flotante,34.99,8,20,Almacenamiento,2024-01-27
1031,Tetera de Cerámica,24.95,6,12,Utensilios de cocina,2024-02-04
1032,Funda de Almohada,9.99,20,40,Ropa de cama,2024-01-29
1033,Reloj Despertador,19.95,10,18,Decoración,2024-01-31
1034,Estante Flotante,34.99,8,20,Almacenamiento,2024-01-27
1035,Cuadro Decorativo,29.95,12,25,Decoración,2023-12-05
1036,Lámpara de Mesa,39.95,8,18,Iluminación,2024-01-13
1037,Cuadro Decorativo,29.95,12,25,Decoración,2023-12-05
1038,Escalera Decorativa,49.99,6,12,Decoración,2024-01-09
1039,Escultura de Resina,39.95,4,10,Decoración,2023-12-11
1040,Cortina de Ducha,24.99,8,15,Cortinas,2024-01-05
1041,Alfombra de Área,49.95,12,30,Alfombras,2023-11-06
1042,Set de Vasos de Vidrio,19.99,12,25,Vajilla,2024-01-03
1043,Perchero de Pared,19.95,10,20,Almacenamiento,2024-01-01
1044,Taza de Café de Cerámica,6.99,25,45,Vajilla,2023-12-01
1045,Perchero de Pared,19.95,10,20,Almacenamiento,2024-01-01
1046,Funda de Almohada,9.99,20,40,Ropa de cama,2024-01-29
1047,Funda de Almohada,9.99,20,40,Ropa de cama,2024-01-29
1048,Vajilla de Porcelana,69.99,6,12,Vajilla,2023-11-12
1049,Cuadro Decorativo,29.95,12,25,Decoración,2023-12-05
1050,Cuchillo de Cocina,14.99,15,28,Utensilios de cocina,2024-02-02
1051,Planta Artificial,24.99,10,18,Decoración,2023-12-07
1052,Tetera de Cerámica,24.95,6,12,Utensilios de cocina,2024-02-04
1053,Escurridor de Platos,19.99,8,15,Utensilios de cocina,2023-12-25
1054,Mantel de Mesa,19.99,15,30,Textiles para el hogar,2023-12-13
1055,Canasta de Ropa Sucia,34.99,5,12,Almacenamiento,2023-12-29
1056,Juego de Sábanas,29.99,25,50,Ropa de cama,2023-11-04
1057,Set de Toallas de Baño,29.99,8,15,Toallas,2024-02-06
1058,Candelabro de Metal,45.99,6,12,Decoración,2023-12-09
1059,Escritorio Plegable,89.99,3,8,Muebles,2023-12-19
1060,Cortinas Opacas,34.99,8,15,Cortinas,2023-11-10
1061,Cortinas Opacas,34.99,8,15,Cortinas,2023-11-10
1062,Juego de Sábanas,29.99,25,50,Ropa de cama,2023-11-04
1063,Tetera de Cerámica,24.95,6,12,Utensilios de cocina,2024-02-04
1064,Alfombra de Área,49.95,12,30,Alfombras,2023-11-06
1065,Escurridor de Cubiertos,12.99,4,10,Utensilios de cocina,2024-01-11
1066,Alfombra de Área,49.95,12,30,Alfombras,2023-11-06
1067,Escultura de Resina,39.95,4,10,Decoración,2023-12-11
1068,Cortinas Opacas,34.99,8,15,Cortinas,2023-11-10
1069,Escritorio Plegable,89.99,3,8,Muebles,2023-12-19
1070,Taza de Café de Cerámica,6.99,25,45,Vajilla,2023-12-01
1071,Taza de Café de Cerámica,6.99,25,45,Vajilla,2023-12-01
1072,Estante Flotante,34.99,8,20,Almacenamiento,2024-01-27
1073,Jarrón de Cerámica,39.95,10,20,Decoración,2023-11-18
1074,Cesta de Mimbre,19.95,20,40,Almacenamiento,2023-11-28
1075,Set de Cubiertos,24.95,20,40,Vajilla,2023-12-23
1076,Taburete de Madera,34.99,10,20,Muebles,2023-12-15
1077,Set de Cucharas de Madera,9.99,30,60,Utensilios de cocina,2023-11-24
1078,Lámpara de Mesa,39.95,8,18,Iluminación,2024-01-13
1079,Planta Artificial,24.99,10,18,Decoración,2023-12-07
1080,Escurridor de Platos,19.99,8,15,Utensilios de cocina,2023-12-25
1081,Lámpara de Pie,79.99,5,10,Iluminación,2023-11-22
1082,Vajilla de Porcelana,69.99,6,12,Vajilla,2023-11-12
1083,Cojín para Silla,14.95,15,30,Decoración,2024-01-07
1084,Cojín para Silla,14.95,15,30,Decoración,2024-01-07
1085,Cortinas Opacas,34.99,8,15,Cortinas,2023-11-10
1086,Estuche de Almohadas,39.95,3,8,Ropa de cama,2024-01-19
1087,Organizador de Cajones,24.99,10,20,Organización,2024-01-15
1088,Tetera de Cerámica,24.95,6,12,Utensilios de cocina,2024-02-04
1089,Estante Flotante,34.99,8,20,Almacenamiento,2024-01-27
1090,Cuadro Decorativo,29.95,12,25,Decoración,2023-12-05
1091,Cesta de Mimbre,19.95,20,40,Almacenamiento,2023-11-28
1092,Jarrón de Cerámica,39.95,10,20,Decoración,2023-11-18
1093,Funda de Almohada,9.99,20,40,Ropa de cama,2024-01-29
1094,Lámpara de Pie,79.99,5,10,Iluminación,2023-11-22
1095,Candelabro de Cristal,59.95,4,10,Decoración,2024-01-25
1096,Funda de Almohada,9.99,20,40,Ropa de cama,2024-01-29
1097,Almohada de Plumas,49.95,5,15,Ropa de cama,2023-12-17
1098,Cojines Decorativos,14.99,18,35,Decoración,2023-11-15
1099,Set de Cubiertos,24.95,20,40,Vajilla,2023-12-23
1100,Set de Cucharas de Madera,9.99,30,60,Utensilios de cocina,2023-11-24
1101,Set de Vasos de Vidrio,19.99,12,25,Vajilla,2024-01-03
1102,Reloj Despertador,19.95,10,18,Decoración,2024-01-31
1103,Escurridor de Cubiertos,12.99,4,10,Utensilios de cocina,2024-01-11
1104,Set de Toallas de Baño,29.99,8,15,Toallas,2024-02-06
